train_loss,val_loss
2.3132682691959374,0.8619578294456005
0.5372005657103099,0.3532640188932419
0.18785930136262832,0.20447907922789454
0.07482189010007763,0.1542614338104613
0.0356738260832408,0.13232744840206578
