train_loss,val_loss
3.5925349093161483,2.310082584619522
1.8935244501484507,1.2518244236707687
1.2161486911547688,0.7895684912800789
0.8835028768715695,0.5596213340759277
0.6955186149802817,0.4420867897570133
