train_loss,val_loss
2.7176223270842277,1.207307269796729
1.0430819079350533,0.5153426509350538
0.6556030229546159,0.31275127502158284
0.47997559708547566,0.24008970195427537
0.3953570285856157,0.19428971596062183
