train_loss,val_loss
40.89096972501675,45.158928871154785
18.63711789942463,11.25396141409874
7.586620011600841,7.828032091259956
6.1307315538279905,5.904614947736263
5.471858887875816,5.446712225675583
