train_loss,val_loss
4.274761937805823,3.8912270963191986
3.821104058439697,3.642444133758545
3.5621850137461966,3.3517403304576874
3.3571822644692486,3.1323908902704716
3.1714231498998537,3.123486440628767
